image_id,bbox,category_id,confidence
1401,"[138, 41, 182, 195]",1,0.622547
1402,"[119, 0, 199, 198]",2,0.631791
1402,"[1, 0, 195, 195]",2,0.404021
1403,"[57, 0, 90, 199]",3,0.846368
1404,"[0, 0, 197, 199]",2,0.740046
1405,"[3, 0, 88, 197]",2,0.821434
1405,"[89, 0, 199, 197]",2,0.590853
1406,"[3, 0, 194, 199]",2,0.57946
1407,"[1, 0, 195, 193]",2,0.368929
1408,"[0, 0, 194, 198]",2,0.626596
1408,"[150, 0, 199, 37]",4,0.382934
1409,"[1, 0, 200, 200]",2,0.721155
1411,"[34, 0, 75, 194]",1,0.64503
1412,"[93, 18, 126, 199]",3,0.818705
1412,"[0, 10, 36, 200]",3,0.675964
1412,"[31, 4, 51, 185]",3,0.458605
1413,"[0, 0, 195, 199]",2,0.756046
1414,"[109, 0, 131, 200]",3,0.784513
1414,"[76, 1, 92, 200]",3,0.595335
1415,"[95, 25, 170, 81]",4,0.699573
1415,"[3, 0, 91, 189]",4,0.592877
1415,"[142, 39, 196, 164]",4,0.542234
1417,"[13, 0, 53, 198]",3,0.849217
1418,"[52, 0, 189, 50]",0,0.311874
1419,"[2, 13, 200, 56]",3,0.598792
1420,"[40, 0, 183, 47]",5,0.383958
1420,"[27, 22, 110, 200]",5,0.300814
1421,"[109, 0, 163, 113]",4,0.863798
1421,"[11, 0, 68, 62]",4,0.844336
1421,"[0, 149, 20, 199]",4,0.789304
1422,"[2, 0, 200, 198]",2,0.631207
1424,"[138, 75, 185, 119]",4,0.798043
1424,"[13, 72, 58, 136]",4,0.645446
1424,"[60, 38, 112, 181]",4,0.523633
1424,"[58, 12, 98, 47]",4,0.434765
1424,"[91, 0, 149, 12]",4,0.355728
1425,"[108, 44, 164, 160]",4,0.807215
1425,"[33, 86, 107, 162]",4,0.76451
1426,"[99, 0, 130, 199]",3,0.849367
1426,"[150, 0, 165, 199]",3,0.602178
1426,"[67, 94, 79, 148]",3,0.507046
1429,"[136, 0, 179, 199]",1,0.541284
1429,"[90, 0, 130, 145]",1,0.539241
1430,"[88, 0, 157, 198]",4,0.756397
1430,"[40, 16, 80, 55]",4,0.344657
1431,"[93, 18, 109, 177]",3,0.738766
1431,"[92, 91, 106, 177]",3,0.371137
1432,"[22, 0, 128, 197]",4,0.836581
1433,"[50, 2, 128, 60]",5,0.471159
1435,"[0, 20, 199, 53]",3,0.616366
1435,"[0, 70, 198, 86]",3,0.313249
1436,"[19, 8, 99, 200]",1,0.625888
1436,"[61, 1, 98, 199]",1,0.400008
1436,"[133, 0, 152, 37]",1,0.333735
1437,"[3, 0, 166, 195]",2,0.595608
1438,"[120, 127, 193, 185]",4,0.875252
1438,"[51, 0, 105, 16]",4,0.691922
1441,"[30, 0, 113, 67]",5,0.393936
1441,"[58, 108, 104, 160]",5,0.348482
1442,"[62, 0, 91, 199]",3,0.878852
1442,"[41, 0, 60, 198]",3,0.559118
1443,"[93, 0, 122, 199]",3,0.883205
1443,"[72, 0, 91, 199]",3,0.732744
1444,"[4, 0, 199, 195]",2,0.541952
1447,"[0, 154, 199, 184]",3,0.593091
1447,"[6, 125, 200, 152]",3,0.572983
1448,"[51, 128, 137, 199]",4,0.846321
1448,"[59, 0, 129, 114]",4,0.613451
1448,"[0, 133, 16, 199]",4,0.558129
1448,"[100, 84, 133, 113]",4,0.404868
1449,"[73, 91, 131, 197]",4,0.824405
1449,"[65, 26, 109, 95]",4,0.591464
1450,"[65, 0, 82, 198]",3,0.828277
1450,"[141, 0, 169, 196]",3,0.766007
1451,"[41, 32, 151, 173]",5,0.389004
1451,"[130, 0, 160, 27]",5,0.258868
1452,"[106, 0, 151, 46]",4,0.895591
1452,"[33, 0, 66, 19]",4,0.486486
1452,"[0, 0, 27, 24]",4,0.293248
1453,"[112, 57, 133, 111]",1,0.577337
1453,"[77, 73, 130, 153]",1,0.54656
1454,"[92, 39, 122, 111]",1,0.725639
1456,"[99, 0, 140, 198]",1,0.712255
1456,"[4, 0, 49, 195]",1,0.648412
1456,"[88, 0, 142, 60]",1,0.318183
1456,"[137, 67, 157, 106]",1,0.260476
1456,"[14, 0, 51, 97]",1,0.250881
1457,"[45, 0, 112, 198]",4,0.762204
1457,"[157, 0, 198, 43]",4,0.588517
1457,"[160, 51, 198, 102]",4,0.574101
1457,"[0, 172, 36, 200]",4,0.494449
1458,"[0, 0, 193, 196]",2,0.504254
1459,"[60, 0, 107, 198]",1,0.562094
1459,"[39, 117, 61, 171]",1,0.301729
1461,"[18, 0, 41, 142]",3,0.874853
1461,"[156, 13, 173, 197]",3,0.759656
1461,"[52, 0, 63, 76]",3,0.721041
1461,"[85, 0, 107, 147]",3,0.708
1461,"[93, 160, 110, 199]",3,0.524474
1461,"[90, 0, 112, 69]",3,0.326796
1462,"[7, 9, 25, 94]",3,0.616429
1462,"[8, 141, 24, 200]",3,0.607029
1463,"[0, 0, 161, 198]",2,0.897821
1463,"[163, 5, 197, 164]",4,0.399803
1464,"[26, 48, 73, 90]",4,0.891559
1464,"[49, 104, 126, 168]",4,0.86564
1465,"[116, 29, 134, 170]",3,0.81478
1465,"[25, 144, 108, 157]",3,0.288686
1466,"[126, 67, 170, 191]",1,0.657902
1467,"[15, 108, 86, 200]",4,0.851789
1467,"[32, 1, 94, 81]",4,0.841471
1467,"[99, 0, 176, 40]",4,0.63708
1467,"[91, 155, 123, 193]",4,0.598934
1467,"[147, 0, 189, 150]",4,0.442256
1468,"[0, 0, 198, 200]",2,0.700381
1470,"[50, 44, 144, 200]",5,0.43733
1471,"[38, 16, 84, 75]",5,0.594896
1472,"[4, 0, 200, 198]",2,0.496844
1473,"[160, 17, 174, 200]",3,0.667191
1474,"[0, 133, 198, 154]",3,0.516533
1475,"[161, 10, 176, 200]",3,0.389686
1475,"[188, 2, 199, 199]",3,0.298228
1476,"[83, 112, 102, 199]",3,0.716718
1476,"[86, 0, 103, 94]",3,0.639178
1477,"[29, 12, 76, 199]",1,0.678117
1477,"[29, 51, 64, 128]",1,0.318581
1478,"[31, 144, 58, 200]",1,0.755112
1478,"[33, 53, 53, 104]",1,0.583077
1478,"[121, 36, 163, 158]",1,0.48605
1478,"[152, 144, 172, 196]",1,0.388517
1479,"[11, 0, 129, 51]",0,0.306896
1480,"[5, 0, 61, 199]",1,0.583961
1480,"[44, 74, 86, 161]",1,0.504108
1480,"[171, 0, 197, 30]",1,0.440726
1480,"[113, 22, 133, 78]",1,0.300684
1480,"[67, 93, 87, 129]",1,0.28019
1483,"[146, 39, 171, 126]",1,0.675733
1484,"[62, 0, 84, 199]",3,0.85411
1485,"[70, 39, 121, 120]",4,0.86385
1485,"[0, 0, 32, 19]",4,0.791282
1485,"[183, 0, 199, 19]",4,0.704248
1486,"[153, 47, 164, 119]",3,0.656872
1486,"[94, 4, 149, 198]",3,0.590594
1486,"[150, 134, 164, 200]",3,0.395672
1487,"[119, 0, 148, 199]",3,0.870387
1488,"[42, 0, 71, 200]",3,0.883545
1488,"[91, 0, 106, 199]",3,0.629612
1488,"[8, 21, 20, 72]",3,0.403127
1489,"[95, 93, 124, 155]",1,0.487651
1489,"[147, 49, 181, 141]",1,0.372157
1489,"[162, 0, 185, 37]",1,0.308997
1489,"[100, 0, 118, 35]",1,0.299896
1489,"[31, 0, 74, 196]",1,0.293137
1492,"[26, 178, 45, 200]",1,0.539995
1492,"[118, 28, 148, 159]",1,0.501588
1494,"[134, 4, 179, 51]",4,0.884637
1494,"[125, 140, 174, 200]",4,0.654598
1494,"[0, 0, 94, 142]",4,0.467624
1494,"[31, 50, 156, 166]",4,0.407265
1494,"[114, 77, 140, 104]",1,0.271427
1495,"[120, 96, 178, 197]",5,0.635865
1496,"[2, 0, 199, 199]",2,0.670015
1497,"[74, 101, 135, 179]",3,0.596688
1497,"[64, 69, 86, 108]",1,0.439565
1497,"[14, 0, 199, 197]",2,0.324026
1498,"[132, 145, 187, 200]",4,0.868197
1498,"[0, 54, 48, 199]",4,0.817491
1498,"[0, 0, 45, 54]",4,0.790955
1500,"[6, 35, 110, 49]",3,0.696096
1500,"[68, 156, 199, 171]",3,0.571311
1501,"[105, 12, 125, 75]",1,0.581992
1501,"[87, 122, 121, 194]",1,0.560764
1501,"[57, 31, 74, 75]",1,0.557709
1501,"[130, 49, 167, 111]",1,0.325073
1501,"[143, 46, 168, 93]",1,0.311379
1502,"[52, 93, 155, 199]",5,0.685561
1505,"[55, 71, 136, 149]",4,0.811477
1505,"[26, 2, 69, 56]",4,0.418572
1506,"[95, 0, 164, 119]",5,0.466368
1507,"[62, 2, 97, 198]",1,0.692327
1507,"[1, 0, 30, 26]",1,0.305932
1509,"[53, 134, 140, 200]",5,0.533954
1509,"[78, 0, 125, 38]",5,0.341775
1510,"[0, 0, 195, 199]",2,0.735539
1511,"[57, 0, 116, 189]",1,0.819251
1511,"[156, 118, 175, 162]",1,0.564249
1512,"[146, 0, 197, 56]",4,0.892388
1512,"[10, 39, 81, 156]",4,0.851486
1512,"[105, 92, 167, 142]",4,0.77998
1512,"[16, 173, 53, 200]",4,0.623968
1512,"[127, 174, 177, 200]",4,0.259488
1513,"[49, 18, 144, 140]",5,0.338074
1513,"[45, 114, 170, 199]",5,0.309388
1514,"[3, 45, 200, 75]",3,0.604503
1514,"[49, 185, 182, 200]",3,0.25704
1515,"[1, 0, 200, 199]",2,0.617765
1517,"[129, 0, 150, 198]",3,0.746147
1519,"[0, 153, 39, 200]",4,0.85271
1520,"[96, 58, 149, 121]",5,0.462651
1520,"[128, 0, 197, 35]",5,0.342229
1521,"[7, 1, 89, 81]",5,0.433971
1521,"[112, 22, 155, 104]",5,0.381138
1521,"[132, 120, 162, 170]",5,0.355901
1522,"[0, 135, 198, 157]",3,0.54689
1522,"[0, 24, 113, 37]",3,0.355029
1522,"[0, 0, 144, 13]",3,0.263608
1523,"[93, 1, 120, 44]",1,0.880682
1523,"[88, 81, 110, 136]",1,0.615633
1523,"[89, 41, 114, 80]",1,0.257398
1524,"[0, 0, 169, 197]",2,0.418863
1524,"[165, 0, 200, 197]",4,0.294769
1525,"[152, 0, 185, 199]",3,0.830971
1525,"[15, 31, 32, 187]",3,0.746211
1525,"[44, 99, 63, 199]",3,0.62807
1525,"[72, 0, 80, 69]",3,0.375252
1526,"[157, 141, 186, 200]",1,0.744827
1526,"[42, 0, 70, 77]",1,0.719838
1526,"[38, 162, 60, 199]",1,0.710567
1526,"[163, 0, 184, 42]",1,0.387546
1527,"[27, 33, 58, 181]",1,0.538977
1527,"[136, 0, 158, 48]",1,0.444826
1528,"[20, 124, 117, 199]",0,0.265481
1529,"[16, 0, 95, 57]",4,0.884178
1529,"[32, 134, 81, 200]",4,0.883502
1529,"[107, 17, 161, 199]",4,0.863564
1529,"[105, 0, 161, 53]",4,0.254017
1531,"[64, 0, 137, 93]",4,0.849175
1531,"[24, 91, 107, 199]",4,0.818866
1531,"[0, 0, 45, 23]",4,0.660749
1531,"[136, 73, 170, 148]",4,0.476491
1532,"[17, 0, 41, 199]",3,0.793513
1532,"[146, 0, 160, 198]",3,0.734625
1532,"[183, 0, 199, 196]",3,0.486129
1532,"[43, 0, 66, 190]",3,0.294128
1533,"[113, 158, 140, 199]",1,0.655825
1533,"[43, 61, 200, 114]",3,0.426369
1533,"[12, 85, 172, 133]",3,0.259596
1534,"[111, 130, 128, 176]",1,0.609864
1534,"[157, 113, 179, 175]",1,0.587881
1534,"[166, 43, 199, 99]",1,0.547954
1534,"[139, 94, 155, 126]",1,0.455823
1535,"[0, 0, 198, 200]",2,0.347465
1536,"[115, 111, 167, 189]",5,0.377369
1536,"[21, 153, 163, 199]",5,0.327983
1536,"[55, 0, 141, 29]",5,0.273797
1536,"[20, 161, 95, 199]",5,0.256457
1537,"[160, 24, 178, 82]",1,0.742709
1537,"[151, 101, 174, 174]",1,0.716099
1537,"[87, 88, 115, 180]",1,0.63358
1537,"[44, 22, 61, 60]",1,0.554186
1537,"[58, 84, 76, 130]",1,0.371553
1538,"[0, 0, 197, 200]",2,0.620173
1540,"[142, 0, 194, 181]",1,0.820926
1540,"[141, 0, 165, 59]",1,0.579823
1540,"[75, 118, 95, 164]",1,0.355178
1541,"[108, 79, 136, 158]",1,0.690963
1541,"[112, 0, 132, 40]",1,0.291325
1542,"[146, 0, 180, 199]",3,0.802405
1543,"[0, 125, 197, 160]",3,0.622614
1543,"[0, 35, 198, 65]",3,0.527752
1543,"[6, 185, 200, 200]",3,0.326561
1544,"[36, 146, 83, 199]",5,0.629639
1544,"[32, 43, 84, 84]",5,0.334676
1544,"[120, 117, 160, 169]",5,0.294344
1545,"[90, 120, 122, 191]",1,0.606553
1545,"[107, 10, 128, 74]",1,0.56504
1545,"[58, 27, 77, 78]",1,0.498525
1545,"[133, 48, 169, 92]",1,0.316855
1545,"[86, 0, 105, 24]",1,0.298686
1546,"[27, 0, 198, 195]",2,0.77015
1547,"[2, 0, 200, 197]",2,0.738244
1549,"[2, 0, 200, 196]",2,0.735896
1550,"[24, 7, 102, 86]",5,0.520789
1550,"[20, 131, 125, 200]",5,0.519602
1551,"[0, 26, 199, 48]",3,0.502909
1553,"[65, 4, 128, 200]",4,0.783571
1554,"[100, 157, 135, 197]",4,0.86403
1554,"[81, 0, 124, 46]",4,0.77002
1554,"[74, 46, 129, 142]",4,0.660424
1555,"[132, 121, 179, 160]",4,0.852963
1555,"[0, 0, 64, 16]",4,0.84547
1555,"[3, 37, 44, 74]",4,0.777309
1555,"[114, 1, 179, 102]",4,0.703905
1555,"[1, 97, 82, 179]",4,0.618506
1555,"[135, 175, 185, 200]",4,0.305688
1555,"[179, 3, 199, 22]",1,0.303226
1555,"[0, 157, 27, 199]",4,0.274037
1556,"[12, 54, 47, 91]",4,0.866317
1556,"[12, 106, 68, 175]",4,0.851199
1556,"[133, 0, 186, 180]",4,0.829448
1556,"[9, 18, 50, 91]",4,0.447295
1557,"[141, 122, 199, 199]",5,0.547698
1558,"[55, 0, 69, 85]",3,0.733757
1558,"[56, 0, 72, 199]",3,0.577146
1558,"[85, 0, 105, 198]",3,0.544496
1559,"[124, 0, 157, 157]",1,0.710571
1559,"[168, 0, 199, 81]",1,0.481419
1559,"[172, 0, 200, 195]",1,0.251754
1561,"[73, 32, 122, 199]",5,0.417939
1561,"[158, 0, 199, 59]",5,0.379467
1562,"[0, 0, 189, 182]",2,0.503386
1563,"[27, 0, 154, 193]",2,0.591979
1564,"[129, 0, 172, 199]",1,0.74116
1564,"[17, 0, 55, 90]",1,0.670524
1565,"[106, 35, 175, 198]",4,0.809014
1565,"[113, 0, 186, 35]",4,0.660773
1565,"[28, 140, 100, 199]",4,0.602355
1565,"[25, 0, 72, 184]",4,0.588788
1566,"[167, 0, 194, 198]",3,0.861148
1566,"[141, 117, 154, 200]",3,0.452727
1567,"[32, 0, 61, 199]",3,0.78904
1567,"[8, 0, 31, 199]",3,0.767667
1568,"[29, 0, 107, 172]",4,0.786296
1568,"[120, 56, 196, 158]",4,0.752561
1569,"[100, 54, 170, 160]",5,0.442662
1570,"[0, 0, 193, 197]",2,0.590802
1574,"[70, 0, 127, 51]",5,0.548469
1574,"[1, 9, 50, 71]",5,0.40219
1574,"[58, 89, 126, 149]",5,0.255649
1574,"[181, 184, 199, 200]",5,0.252167
1575,"[50, 38, 78, 73]",4,0.664215
1576,"[72, 28, 94, 68]",1,0.781784
1576,"[11, 1, 113, 199]",1,0.55855
1576,"[16, 0, 44, 192]",3,0.331784
1577,"[121, 0, 187, 91]",4,0.780753
1577,"[22, 45, 52, 80]",4,0.769954
1577,"[1, 99, 62, 197]",4,0.762113
1577,"[144, 96, 178, 135]",4,0.506048
1578,"[23, 0, 60, 197]",1,0.787205
1579,"[14, 2, 55, 200]",3,0.693633
1580,"[0, 67, 187, 84]",3,0.584006
1580,"[17, 136, 200, 157]",3,0.534728
1581,"[16, 0, 58, 200]",3,0.867103
1581,"[106, 109, 127, 191]",1,0.631546
1581,"[131, 115, 155, 165]",1,0.370594
1582,"[1, 0, 195, 199]",2,0.676442
1583,"[0, 0, 50, 197]",4,0.657339
1583,"[90, 5, 187, 189]",4,0.587092
1583,"[104, 6, 150, 51]",4,0.412728
1584,"[59, 0, 84, 71]",1,0.427907
1584,"[70, 0, 128, 200]",1,0.396805
1585,"[112, 0, 199, 60]",5,0.482879
1585,"[123, 165, 195, 199]",5,0.290259
1587,"[14, 0, 82, 200]",1,0.780374
1587,"[139, 0, 185, 200]",1,0.703274
1587,"[66, 75, 85, 118]",1,0.609479
1587,"[82, 150, 105, 200]",1,0.289669
1588,"[58, 0, 110, 200]",1,0.814029
1589,"[8, 0, 199, 197]",2,0.59396
1590,"[65, 11, 157, 141]",5,0.328451
1590,"[63, 86, 149, 200]",5,0.26135
1591,"[92, 109, 121, 199]",1,0.581513
1591,"[161, 0, 200, 165]",1,0.542875
1591,"[95, 4, 118, 60]",1,0.426711
1591,"[154, 0, 200, 164]",3,0.393328
1592,"[95, 121, 126, 170]",1,0.497421
1592,"[48, 142, 63, 174]",1,0.37683
1594,"[85, 0, 100, 134]",3,0.690989
1594,"[112, 15, 131, 200]",3,0.655197
1594,"[47, 109, 62, 197]",3,0.548191
1594,"[161, 109, 176, 199]",3,0.410161
1594,"[9, 98, 24, 199]",3,0.358092
1596,"[109, 0, 147, 131]",3,0.647881
1596,"[19, 0, 58, 198]",3,0.576596
1596,"[60, 90, 91, 154]",3,0.43605
1596,"[127, 145, 144, 199]",3,0.270542
1597,"[56, 147, 113, 199]",5,0.569307
1597,"[55, 49, 101, 118]",5,0.337775
1598,"[128, 0, 191, 43]",5,0.537422
1598,"[92, 136, 134, 190]",5,0.498492
1598,"[109, 79, 163, 104]",5,0.348686
1599,"[69, 4, 142, 101]",4,0.788666
1599,"[161, 154, 187, 186]",4,0.570647
1600,"[83, 53, 120, 112]",5,0.511884
1601,"[19, 48, 75, 144]",4,0.827738
1601,"[81, 5, 169, 131]",4,0.76687
1602,"[103, 87, 124, 127]",1,0.775059
1602,"[0, 17, 35, 170]",1,0.521387
1602,"[44, 67, 129, 199]",1,0.436906
1603,"[1, 0, 38, 29]",4,0.78476
1603,"[0, 101, 54, 199]",4,0.579624
1605,"[158, 33, 196, 199]",1,0.601788
1605,"[92, 0, 138, 199]",1,0.577044
1606,"[27, 54, 64, 195]",1,0.55599
1607,"[146, 44, 165, 80]",1,0.690124
1607,"[121, 45, 164, 174]",1,0.621796
1607,"[29, 31, 56, 78]",1,0.367377
1608,"[26, 44, 43, 88]",1,0.466214
1608,"[131, 98, 150, 144]",1,0.341458
1609,"[28, 0, 154, 196]",2,0.567313
1612,"[1, 108, 105, 198]",5,0.35884
1612,"[12, 158, 108, 198]",5,0.284324
1613,"[85, 2, 157, 109]",5,0.430094
1613,"[54, 141, 109, 199]",5,0.412238
1615,"[129, 111, 155, 186]",1,0.804965
1615,"[76, 0, 107, 130]",1,0.613862
1616,"[25, 0, 61, 168]",1,0.779591
1617,"[0, 0, 55, 28]",4,0.88988
1617,"[85, 0, 161, 197]",4,0.804018
1617,"[182, 91, 199, 199]",4,0.355433
1617,"[88, 122, 132, 185]",4,0.282523
1619,"[168, 170, 200, 200]",5,0.357319
1619,"[64, 0, 152, 72]",5,0.28821
1619,"[108, 0, 164, 32]",5,0.262487
1620,"[143, 0, 161, 151]",3,0.839685
1620,"[70, 9, 90, 200]",3,0.655599
1623,"[18, 0, 31, 199]",3,0.761187
1623,"[88, 0, 100, 150]",3,0.62613
1623,"[137, 0, 148, 194]",3,0.49326
1625,"[61, 57, 157, 166]",5,0.401197
1626,"[0, 0, 197, 199]",2,0.692386
1627,"[0, 71, 197, 100]",3,0.485873
1628,"[156, 0, 198, 53]",4,0.841378
1628,"[38, 0, 139, 198]",4,0.613762
1628,"[136, 0, 200, 194]",4,0.601003
1628,"[186, 143, 200, 200]",4,0.289768
1628,"[32, 44, 50, 77]",4,0.270769
1630,"[47, 134, 95, 175]",4,0.903112
1630,"[56, 9, 102, 78]",4,0.855232
1630,"[127, 17, 196, 200]",4,0.687868
1631,"[58, 90, 162, 200]",5,0.435861
1631,"[135, 9, 180, 65]",5,0.276888
1632,"[178, 32, 200, 109]",4,0.786596
1632,"[40, 172, 95, 200]",4,0.733293
1632,"[0, 0, 192, 183]",2,0.497614
1632,"[98, 159, 140, 199]",4,0.299056
1633,"[146, 0, 186, 186]",1,0.693981
1635,"[11, 88, 31, 150]",1,0.557185
1635,"[111, 0, 146, 86]",1,0.53001
1635,"[17, 0, 59, 73]",1,0.509495
1635,"[36, 129, 73, 194]",1,0.406173
1635,"[49, 122, 74, 170]",1,0.264136
1636,"[102, 0, 137, 199]",3,0.864791
1636,"[82, 0, 93, 76]",3,0.611075
1636,"[58, 4, 70, 169]",3,0.351284
1636,"[9, 119, 24, 152]",1,0.319971
1636,"[82, 144, 95, 199]",3,0.287724
1637,"[24, 21, 92, 128]",5,0.421428
1637,"[137, 7, 166, 54]",5,0.294898
1640,"[20, 0, 66, 183]",3,0.66786
1640,"[21, 0, 103, 194]",1,0.533157
1641,"[125, 0, 140, 140]",3,0.679276
1642,"[27, 0, 62, 169]",1,0.653092
1642,"[139, 3, 159, 52]",1,0.301127
1643,"[1, 0, 184, 197]",2,0.602224
1643,"[16, 0, 55, 35]",4,0.27327
1644,"[0, 0, 26, 163]",3,0.614603
1644,"[107, 0, 139, 70]",1,0.545272
1644,"[101, 140, 127, 200]",1,0.481458
1645,"[82, 0, 185, 119]",5,0.413945
1645,"[111, 163, 200, 199]",5,0.299578
1646,"[0, 0, 195, 198]",2,0.605335
1646,"[158, 0, 199, 47]",4,0.327435
1647,"[135, 120, 177, 196]",4,0.859737
1647,"[68, 5, 124, 200]",4,0.705735
1647,"[20, 104, 66, 160]",4,0.449928
1647,"[70, 2, 161, 43]",4,0.355531
1648,"[0, 0, 47, 135]",3,0.590486
1648,"[67, 3, 80, 199]",3,0.540769
1648,"[68, 52, 79, 148]",3,0.466919
1648,"[4, 89, 32, 150]",3,0.292119
1649,"[16, 0, 199, 197]",2,0.896863
1650,"[54, 3, 107, 67]",5,0.330707
1650,"[95, 92, 137, 146]",5,0.279539
1651,"[71, 50, 110, 94]",4,0.871576
1652,"[119, 0, 162, 59]",4,0.880735
1652,"[121, 73, 199, 192]",4,0.835172
1652,"[0, 0, 37, 51]",4,0.751421
1652,"[0, 189, 25, 200]",4,0.335867
1653,"[170, 0, 200, 17]",5,0.38272
1653,"[53, 119, 137, 199]",5,0.26072
1654,"[78, 54, 121, 199]",1,0.757153
1655,"[36, 0, 108, 166]",4,0.775865
1655,"[119, 45, 172, 110]",4,0.739862
1655,"[54, 168, 95, 200]",4,0.698899
1655,"[45, 0, 105, 69]",4,0.661492
1656,"[2, 0, 200, 198]",2,0.677311
1657,"[117, 0, 159, 200]",3,0.880656
1657,"[69, 26, 82, 62]",1,0.508782
1658,"[16, 94, 72, 135]",4,0.873807
1658,"[108, 2, 165, 200]",4,0.683509
1658,"[33, 64, 67, 88]",1,0.389106
1660,"[119, 66, 188, 192]",4,0.813498
1660,"[6, 0, 62, 38]",4,0.8052
1660,"[105, 0, 194, 51]",4,0.700937
1660,"[182, 129, 199, 184]",4,0.682757
1660,"[43, 128, 69, 161]",4,0.63192
1660,"[30, 59, 76, 84]",4,0.491281
1661,"[17, 5, 125, 133]",5,0.492693
1663,"[0, 0, 162, 196]",2,0.802845
1664,"[81, 0, 140, 200]",1,0.722507
1664,"[11, 34, 29, 59]",1,0.33978
1665,"[1, 0, 199, 195]",2,0.45167
1666,"[146, 11, 159, 130]",3,0.628745
1666,"[113, 0, 129, 199]",3,0.620285
1666,"[33, 107, 44, 198]",3,0.496121
1666,"[32, 0, 47, 198]",3,0.446236
1666,"[33, 0, 44, 110]",3,0.275385
1667,"[28, 125, 39, 199]",3,0.714221
1667,"[32, 29, 43, 64]",3,0.327456
1668,"[36, 129, 69, 197]",4,0.650901
1668,"[0, 0, 190, 196]",2,0.554609
1669,"[0, 105, 21, 143]",1,0.83317
1669,"[28, 138, 43, 186]",1,0.580038
1669,"[144, 0, 193, 183]",1,0.548689
1669,"[92, 26, 112, 103]",1,0.417751
1669,"[24, 17, 48, 136]",1,0.398319
1669,"[26, 1, 45, 50]",1,0.31386
1669,"[1, 23, 21, 74]",1,0.276666
1670,"[104, 0, 157, 80]",4,0.851165
1670,"[49, 13, 95, 67]",4,0.771997
1671,"[0, 0, 197, 200]",2,0.736486
1671,"[0, 134, 30, 200]",4,0.701697
1671,"[128, 168, 185, 200]",4,0.501301
1672,"[117, 12, 186, 198]",4,0.715712
1672,"[39, 119, 111, 179]",4,0.665402
1672,"[131, 0, 198, 17]",4,0.595058
1672,"[38, 0, 90, 181]",4,0.573172
1673,"[7, 0, 199, 199]",2,0.840732
1674,"[18, 109, 99, 199]",4,0.661263
1674,"[172, 183, 199, 200]",4,0.649991
1674,"[20, 105, 72, 173]",4,0.264055
1675,"[9, 24, 62, 115]",4,0.824345
1675,"[26, 123, 60, 177]",4,0.804301
1675,"[126, 5, 187, 200]",4,0.605627
1675,"[0, 121, 62, 199]",4,0.406683
1675,"[125, 0, 190, 47]",4,0.406139
1675,"[0, 171, 65, 199]",4,0.271393
1676,"[90, 26, 121, 60]",5,0.459776
1676,"[0, 10, 66, 200]",5,0.368171
1678,"[44, 0, 108, 200]",1,0.676703
1678,"[149, 66, 167, 110]",1,0.638802
1678,"[81, 132, 104, 200]",1,0.353541
1680,"[0, 0, 158, 198]",2,0.575276
1681,"[0, 24, 51, 139]",5,0.456007
1681,"[0, 147, 127, 199]",5,0.334147
1682,"[49, 7, 152, 129]",5,0.342697
1682,"[39, 0, 144, 54]",5,0.283248
1682,"[51, 69, 137, 128]",5,0.256577
1683,"[4, 22, 200, 53]",3,0.592337
1683,"[0, 167, 196, 186]",3,0.409627
1683,"[25, 174, 198, 192]",3,0.361637
1684,"[30, 110, 89, 169]",5,0.482739
1685,"[0, 0, 197, 200]",2,0.740989
1686,"[61, 9, 141, 164]",4,0.840126
1687,"[84, 72, 167, 171]",4,0.7555
1687,"[175, 95, 200, 162]",4,0.752081
1687,"[0, 180, 33, 200]",4,0.594909
1687,"[44, 72, 85, 141]",4,0.588567
1687,"[176, 45, 199, 200]",4,0.273223
1687,"[189, 151, 199, 200]",4,0.265957
1690,"[7, 85, 144, 156]",0,0.250374
1691,"[4, 0, 200, 34]",3,0.604799
1691,"[0, 160, 58, 173]",3,0.522706
1691,"[0, 59, 198, 75]",3,0.380452
1691,"[0, 142, 114, 163]",3,0.324517
1692,"[79, 124, 141, 176]",5,0.670451
1692,"[85, 19, 134, 104]",5,0.563947
1693,"[36, 34, 68, 104]",4,0.840616
1693,"[136, 137, 168, 164]",4,0.414395
1694,"[2, 0, 200, 198]",2,0.694454
1696,"[60, 1, 188, 187]",4,0.64001
1696,"[0, 0, 58, 15]",4,0.621718
1696,"[58, 0, 114, 197]",4,0.281105
1697,"[50, 92, 181, 199]",5,0.517043
1698,"[66, 100, 112, 179]",5,0.366322
1698,"[139, 32, 199, 128]",5,0.349739
1698,"[166, 148, 199, 200]",5,0.275856
1699,"[46, 116, 83, 143]",5,0.346977
1699,"[42, 0, 125, 36]",5,0.269273
1700,"[26, 63, 57, 198]",1,0.56551
1700,"[118, 39, 148, 142]",1,0.410146
1701,"[37, 0, 75, 199]",3,0.753374
1701,"[114, 0, 126, 53]",3,0.496197
1701,"[60, 0, 96, 190]",3,0.430912
1701,"[189, 0, 199, 173]",3,0.33358
1701,"[97, 107, 109, 197]",3,0.320532
1701,"[127, 77, 137, 111]",3,0.298984
1701,"[1, 127, 26, 200]",3,0.269803
1703,"[40, 30, 149, 100]",5,0.309449
1703,"[61, 132, 129, 193]",5,0.291244
1704,"[0, 0, 197, 198]",2,0.744586
1705,"[84, 0, 200, 197]",2,0.7273
1706,"[0, 0, 42, 98]",4,0.836096
1706,"[76, 82, 123, 169]",4,0.791024
1706,"[138, 0, 199, 183]",4,0.787011
1707,"[68, 0, 99, 80]",1,0.61507
1707,"[44, 123, 78, 200]",1,0.533591
1707,"[49, 58, 70, 90]",1,0.311802
1708,"[30, 0, 83, 47]",5,0.312595
1709,"[15, 74, 80, 149]",4,0.865938
1709,"[144, 30, 180, 110]",4,0.838148
1709,"[163, 167, 196, 200]",4,0.798544
1710,"[18, 7, 39, 199]",3,0.637192
1711,"[4, 135, 200, 153]",3,0.532743
1712,"[52, 68, 133, 189]",4,0.837032
1712,"[160, 148, 197, 199]",4,0.720705
1712,"[70, 30, 100, 64]",4,0.494565
1714,"[7, 76, 70, 199]",5,0.4642
1714,"[108, 55, 199, 124]",5,0.41326
1714,"[112, 150, 189, 199]",5,0.295495
1715,"[0, 110, 199, 144]",3,0.524891
1715,"[0, 59, 197, 75]",3,0.476597
1715,"[25, 127, 200, 144]",3,0.436869
1716,"[30, 0, 67, 199]",1,0.698172
1717,"[0, 0, 37, 75]",3,0.677998
1717,"[18, 91, 35, 199]",3,0.636556
1717,"[169, 1, 181, 182]",3,0.416545
1719,"[21, 0, 200, 197]",2,0.694531
1721,"[141, 0, 181, 200]",1,0.825023
1722,"[142, 5, 156, 200]",3,0.467321
1723,"[14, 143, 93, 199]",5,0.271632
1724,"[58, 0, 116, 198]",1,0.687775
1724,"[154, 175, 177, 200]",1,0.586781
1725,"[17, 58, 85, 172]",4,0.85001
1726,"[0, 92, 37, 199]",4,0.540692
1726,"[89, 0, 157, 60]",4,0.376714
1726,"[31, 0, 152, 195]",4,0.344069
1726,"[91, 78, 158, 199]",4,0.331336
1727,"[58, 0, 131, 91]",4,0.879531
1727,"[69, 102, 131, 180]",4,0.831019
1727,"[0, 0, 50, 113]",4,0.623013
1728,"[45, 0, 65, 199]",3,0.787764
1729,"[65, 81, 181, 197]",5,0.29573
1730,"[0, 0, 197, 199]",2,0.707837
1732,"[25, 63, 113, 130]",4,0.666727
1732,"[81, 73, 132, 157]",4,0.513991
1733,"[147, 0, 190, 200]",3,0.825244
1734,"[130, 147, 196, 199]",5,0.393243
1734,"[116, 40, 196, 199]",5,0.348238
1734,"[32, 100, 80, 179]",5,0.321539
1734,"[107, 49, 192, 127]",5,0.317534
1735,"[0, 0, 150, 159]",2,0.647665
1737,"[21, 111, 69, 199]",5,0.546915
1737,"[132, 21, 147, 36]",1,0.27005
1738,"[21, 153, 100, 199]",5,0.323302
1738,"[48, 56, 109, 197]",5,0.262005
1739,"[0, 0, 195, 199]",2,0.700824
1740,"[3, 0, 199, 196]",2,0.824343
1741,"[107, 38, 159, 69]",4,0.866964
1741,"[65, 95, 116, 166]",4,0.862642
1741,"[124, 81, 187, 199]",4,0.816586
1741,"[56, 0, 107, 74]",4,0.698045
1742,"[62, 0, 104, 200]",3,0.858767
1743,"[150, 0, 190, 200]",3,0.84536
1744,"[61, 0, 121, 113]",4,0.854851
1744,"[57, 174, 106, 200]",4,0.665992
1744,"[181, 181, 199, 197]",1,0.568989
1744,"[1, 34, 58, 139]",4,0.528749
1744,"[168, 34, 185, 64]",1,0.355844
1744,"[57, 140, 108, 199]",4,0.267024
1745,"[73, 58, 149, 119]",4,0.70444
1746,"[0, 0, 196, 199]",2,0.694148
1746,"[3, 0, 55, 62]",4,0.314866
1747,"[37, 68, 112, 199]",4,0.880997
1747,"[0, 147, 20, 199]",4,0.856832
1747,"[181, 2, 200, 93]",4,0.602596
1747,"[170, 156, 199, 199]",4,0.43379
1748,"[70, 32, 146, 109]",5,0.511397
1748,"[71, 127, 133, 184]",5,0.353748
1749,"[34, 0, 64, 198]",3,0.886786
1749,"[170, 0, 192, 78]",3,0.581196
1750,"[0, 0, 196, 200]",2,0.594162
1751,"[1, 0, 199, 195]",2,0.398983
1752,"[53, 45, 141, 186]",4,0.557107
1754,"[87, 23, 110, 200]",3,0.865572
1755,"[0, 142, 199, 162]",3,0.487637
1755,"[1, 181, 97, 195]",3,0.34687
1756,"[22, 0, 39, 200]",3,0.675102
1756,"[174, 84, 200, 125]",4,0.253856
1757,"[2, 20, 93, 81]",0,0.294202
1758,"[166, 88, 195, 164]",1,0.658188
1758,"[172, 1, 189, 45]",1,0.550537
1758,"[58, 6, 94, 200]",1,0.429175
1760,"[14, 0, 57, 113]",4,0.831829
1760,"[109, 7, 186, 195]",4,0.743242
1762,"[0, 0, 197, 200]",2,0.607368
1764,"[124, 94, 195, 131]",5,0.360816
1764,"[106, 101, 197, 190]",5,0.301851
1764,"[113, 145, 198, 187]",5,0.256644
1765,"[100, 51, 178, 193]",4,0.809773
1765,"[20, 42, 93, 123]",4,0.751276
1765,"[95, 0, 129, 17]",4,0.533532
1766,"[77, 0, 112, 200]",3,0.853043
1768,"[129, 11, 179, 90]",4,0.878091
1768,"[127, 102, 192, 199]",4,0.828862
1768,"[38, 182, 61, 199]",4,0.748448
1768,"[72, 104, 98, 131]",4,0.741562
1769,"[0, 4, 80, 129]",4,0.747163
1769,"[95, 162, 133, 199]",4,0.663354
1769,"[29, 144, 135, 199]",4,0.646726
1769,"[76, 1, 199, 155]",4,0.617976
1769,"[136, 8, 183, 56]",4,0.351548
1770,"[50, 0, 70, 199]",3,0.809143
1770,"[106, 0, 131, 196]",3,0.62621
1770,"[87, 10, 102, 199]",3,0.336614
1772,"[158, 0, 196, 172]",1,0.698568
1772,"[94, 0, 139, 200]",1,0.446132
1773,"[0, 0, 198, 200]",2,0.712109
1776,"[44, 136, 84, 200]",5,0.54864
1776,"[131, 126, 173, 199]",5,0.295665
1777,"[0, 0, 197, 200]",2,0.716241
1778,"[0, 168, 30, 199]",4,0.843885
1778,"[0, 0, 41, 66]",4,0.839499
1778,"[0, 90, 44, 160]",4,0.811571
1778,"[71, 1, 192, 198]",4,0.538921
1778,"[49, 0, 112, 29]",4,0.417436
1779,"[0, 146, 38, 200]",4,0.795234
1779,"[2, 12, 102, 146]",4,0.72001
1779,"[88, 9, 188, 200]",4,0.278802
1780,"[1, 11, 48, 89]",4,0.880978
1780,"[0, 105, 61, 199]",4,0.86203
1780,"[131, 0, 189, 196]",4,0.764375
1780,"[63, 22, 124, 99]",4,0.742453
1782,"[0, 0, 197, 199]",2,0.631688
1783,"[75, 63, 108, 142]",4,0.764682
1784,"[155, 0, 196, 199]",1,0.666712
1784,"[53, 121, 76, 197]",1,0.562517
1784,"[0, 0, 175, 197]",2,0.423907
1785,"[92, 59, 154, 138]",4,0.796013
1785,"[131, 155, 163, 183]",4,0.659508
1785,"[25, 85, 50, 117]",4,0.555056
1786,"[55, 121, 132, 199]",5,0.462962
1787,"[98, 110, 197, 199]",5,0.603154
1788,"[35, 37, 83, 79]",5,0.316005
1788,"[44, 92, 96, 157]",5,0.257669
1789,"[128, 0, 145, 199]",3,0.732363
1789,"[57, 8, 78, 200]",3,0.468907
1789,"[99, 1, 113, 107]",3,0.444313
1790,"[52, 92, 97, 169]",4,0.802281
1790,"[110, 21, 160, 111]",4,0.786966
1792,"[130, 146, 158, 198]",1,0.488027
1792,"[5, 0, 200, 178]",2,0.257206
1793,"[17, 20, 105, 105]",5,0.509544
1793,"[82, 124, 114, 154]",5,0.397175
1794,"[40, 0, 200, 197]",2,0.748558
1795,"[91, 0, 125, 199]",1,0.679568
1796,"[136, 0, 154, 200]",3,0.645076
1796,"[113, 2, 153, 200]",3,0.590285
1796,"[45, 0, 93, 197]",3,0.54075
1796,"[0, 0, 10, 194]",3,0.269297
1798,"[2, 0, 200, 198]",2,0.721243
